"Automated Optimization of Weighted Non-functional Objectives in Self-adaptive Systems","Search-Based Software Engineering","","","","10.1007/978-3-319-99241-9_9","Kate M. BowersErik M. FredericksBetty H. C. Cheng","2018","http://link.springer.com/chapter/10.1007/978-3-319-99241-9_9","Chapter"
"Towards an Ontology-Based Approach for Eliciting Possible Solutions to Non-Functional Requirements","Advanced Information Systems Engineering","","","","10.1007/978-3-030-21290-2_10","Rodrigo VeledaLuiz Marcio Cysneiros","2019","http://link.springer.com/chapter/10.1007/978-3-030-21290-2_10","Chapter"
"Configuring the Variability of Business Process Models Using Non-Functional Requirements","Enterprise, Business-Process and Information Systems Modeling","","","","10.1007/978-3-642-13051-9_23","Emanuel SantosJoão PimentelJaelson CastroJuan SánchezOscar Pastor","2010","http://link.springer.com/chapter/10.1007/978-3-642-13051-9_23","Chapter"
"A survey of methods and approaches for reliable dynamic service compositions","Service Oriented Computing and Applications","","8","2","10.1007/s11761-013-0153-3","Anne ImmonenDaniel Pakkala","2014","http://link.springer.com/article/10.1007/s11761-013-0153-3","Article"
"Towards Requirements Engineering Process for Self-adaptive Embedded Systems","Software Engineering and Algorithms in Intelligent Systems","","","","10.1007/978-3-319-91186-1_35","Zina MecibahFateh Boutekkouk","2019","http://link.springer.com/chapter/10.1007/978-3-319-91186-1_35","Chapter"
"A NFR-Based Framework for User-Centered Adaptation","Conceptual Modeling","","","","10.1007/978-3-642-34002-4_34","Fabiano DalpiazEstefanía SerralPedro ValderasPaolo GiorginiVicente Pelechano","2012","http://link.springer.com/chapter/10.1007/978-3-642-34002-4_34","Chapter"
"Modeling Personalized Adaptive Systems","Advanced Information Systems Engineering","","","","10.1007/978-3-642-38709-8_12","Alistair SutcliffePete Sawyer","2013","http://link.springer.com/chapter/10.1007/978-3-642-38709-8_12","Chapter"
"Oral communications","JNHA - The Journal of Nutrition, Health and Aging","","13","1","10.1007/s12603-009-0093-y","","2009","http://link.springer.com/article/10.1007/s12603-009-0093-y","Article"
"An Overview of Requirements Evolution","Evolving Software Systems","","","","10.1007/978-3-642-45398-4_1","Neil ErnstAlexander BorgidaIvan J. JuretaJohn Mylopoulos","2014","http://link.springer.com/chapter/10.1007/978-3-642-45398-4_1","Chapter"
"Self-Explanation in Adaptive Systems Based on Runtime Goal-Based Models","Transactions on Computational Collective Intelligence XVI","","","","10.1007/978-3-662-44871-7_5","Kris WelshNelly BencomoPete SawyerJon Whittle","2014","http://link.springer.com/chapter/10.1007/978-3-662-44871-7_5","Chapter"
"Formal Specification of Robotic Architectures for Experimental Robotics","Metrics of Sensory Motor Coordination and Integration in Robots and Animals","","","","10.1007/978-3-030-14126-4_2","Arunkumar RamaswamyBruno MonsuezAdriana Tapus","2020","http://link.springer.com/chapter/10.1007/978-3-030-14126-4_2","Chapter"
"A Quality Model for Service Delivery in AAL and AT Provision","Ambient Assisted Living","","","","10.1007/978-3-319-18374-9_1","Claudio BitelliLorenzo DesideriMassimiliano Malavasi","2015","http://link.springer.com/chapter/10.1007/978-3-319-18374-9_1","Chapter"
"On Requirements Model Driven Adaption and Evolution of Internetware","Internetware","","","","10.1007/978-981-10-2546-4_5","Hong MeiJian Lü","2016","http://link.springer.com/chapter/10.1007/978-981-10-2546-4_5","Chapter"
"Requirements model driven adaption and evolution of Internetware","Science China Information Sciences","","57","6","10.1007/s11432-014-5064-1","Lin LiuChen YangJianMin WangXiaoJun YeYingBo LiuHongJi YangXiaoDong Liu","2014","http://link.springer.com/article/10.1007/s11432-014-5064-1","Article"
"Requirements Tracing to Support Change in Dynamically Adaptive Systems","Requirements Engineering: Foundation for Software Quality","","","","10.1007/978-3-642-02050-6_6","Kristopher WelshPete Sawyer","2009","http://link.springer.com/chapter/10.1007/978-3-642-02050-6_6","Chapter"
"Data-driven and tool-supported elicitation of quality requirements in agile companies","Software Quality Journal","","","","10.1007/s11219-020-09509-y","Marc OriolSilverio Martínez-FernándezWoubshet BehutiyeCarles FarréRafał KozikPertti SeppänenAnna Maria VollmerPilar RodríguezXavier FranchSanja AaramaaAntonin AbhervéMichał ChoraśJari Partanen","2020","http://link.springer.com/article/10.1007/s11219-020-09509-y","Article"
"Deriving software architectural models from requirements models for adaptive systems: the STREAM-A approach","Requirements Engineering","","17","4","10.1007/s00766-011-0126-z","João PimentelMárcia LucenaJaelson CastroCarla SilvaEmanuel SantosFernanda Alencar","2012","http://link.springer.com/article/10.1007/s00766-011-0126-z","Article"
"The SOTA approach to engineering collective adaptive systems","International Journal on Software Tools for Technology Transfer","","22","4","10.1007/s10009-020-00554-3","Dhaminda B. AbeywickramaNicola BicocchiMarco MameiFranco Zambonelli","2020","http://link.springer.com/article/10.1007/s10009-020-00554-3","Article"
"An AAL Collaborative System: The AAL4ALL and a Mobile Assistant Case Study","Collaborative Systems for Smart Networked Environments","","","","10.1007/978-3-662-44745-1_69","Angelo CostaPaulo NovaisRicardo Simoes","2014","http://link.springer.com/chapter/10.1007/978-3-662-44745-1_69","Chapter"
"General Context and Theories","Tool-Based Requirement Traceability between Requirement and Design Artifacts","","","","10.1007/978-3-8348-2474-5_2","Bernhard Turban","2013","http://link.springer.com/chapter/10.1007/978-3-8348-2474-5_2","Chapter"
"Eliciting Requirements for Improving Users’ Behavior Using Transparency","Requirements Engineering for Internet of Things","","","","10.1007/978-981-10-7796-8_4","Haruhiko KaiyaNobukazu YoshiokaHironori WashizakiTakao OkuboAtsuo HazeyamaShinpei OgataTakafumi Tanaka","2018","http://link.springer.com/chapter/10.1007/978-981-10-7796-8_4","Chapter"
"Understanding the Scope of Uncertainty in Dynamically Adaptive Systems","Requirements Engineering: Foundation for Software Quality","","","","10.1007/978-3-642-14192-8_2","Kristopher WelshPete Sawyer","2010","http://link.springer.com/chapter/10.1007/978-3-642-14192-8_2","Chapter"
"A SoaML Approach for Derivation of a Process-Oriented Logical Architecture from Use Cases","Exploring Services Science","","","","10.1007/978-3-319-14980-6_7","Carlos E. SalgadoJuliana TeixeiraNuno SantosRicardo J. MachadoRita S. P. Maciel","2015","http://link.springer.com/chapter/10.1007/978-3-319-14980-6_7","Chapter"
"The Ensemble Development Life Cycle and Best Practices for Collective Autonomic Systems","Software Engineering for Collective Autonomic Systems","","","","10.1007/978-3-319-16310-9_9","Matthias HölzlNora KochMariachiara PuvianiMartin WirsingFranco Zambonelli","2015","http://link.springer.com/chapter/10.1007/978-3-319-16310-9_9","Chapter"
"Assembling mass-market technology for the sake of wellbeing: a case study on the adoption of ambient intelligent systems by older adults living at home","Journal of Ambient Intelligence and Humanized Computing","","10","6","10.1007/s12652-017-0591-4","Francisco J. GutierrezDiego MuñozSergio F. OchoaJosé M. Tapia","2019","http://link.springer.com/article/10.1007/s12652-017-0591-4","Article"
"Software Architecture for the Cloud – A Roadmap Towards Control-Theoretic, Model-Based Cloud Architecture","Software Architecture","","","","10.1007/978-3-319-23727-5_17","Claus PahlPooyan Jamshidi","2015","http://link.springer.com/chapter/10.1007/978-3-319-23727-5_17","Chapter"
"Green software requirements and measurement: random decision forests-based software energy consumption profiling","Requirements Engineering","","22","1","10.1007/s00766-015-0234-2","Mohamed Amine BeghouraAbdelhak BoubetraAbdallah Boukerram","2017","http://link.springer.com/article/10.1007/s00766-015-0234-2","Article"
"Rule-Based Modeling and Static Analysis of Self-adaptive Systems by Graph Transformation","Software, Services, and Systems","","","","10.1007/978-3-319-15545-6_33","Antonio BucchiaroneHartmut EhrigClaudia ErmelPatrizio PelliccioneOlga Runge","2015","http://link.springer.com/chapter/10.1007/978-3-319-15545-6_33","Chapter"
"Introduction to the inaugural issue of the Journal of Reliable Intelligent Environments","Journal of Reliable Intelligent Environments","","1","1","10.1007/s40860-015-0005-3","Juan Carlos AugustoAntonio Coronato","2015","http://link.springer.com/article/10.1007/s40860-015-0005-3","Article"
"The i* Framework for Goal-Oriented Modeling","Domain-Specific Conceptual Modeling","","","","10.1007/978-3-319-39417-6_22","Xavier FranchLidia LópezCarlos CaresDaniel Colomer","2016","http://link.springer.com/chapter/10.1007/978-3-319-39417-6_22","Chapter"
"Engineering Collectives of Self-driving Vehicles: The SOTA Approach","Leveraging Applications of Formal Methods, Verification and Validation. Distributed Systems","","","","10.1007/978-3-030-03424-5_6","Dhaminda B. AbeywickramaMarco MameiFranco Zambonelli","2018","http://link.springer.com/chapter/10.1007/978-3-030-03424-5_6","Chapter"
"Literature Review: ICT, SDPs and System Design for User Needs","Design Issues for Service Delivery Platforms","","","","10.1007/978-3-658-10541-9_2","Dr. Martin Bergaus","2015","http://link.springer.com/chapter/10.1007/978-3-658-10541-9_2","Chapter"
"Requirements Engineering","Handbook of Software Engineering","","","","10.1007/978-3-030-00262-6_2","Amel BennaceurThein Than TunYijun YuBashar Nuseibeh","2019","http://link.springer.com/chapter/10.1007/978-3-030-00262-6_2","Chapter"
"Formal Methods and Agile Development: Towards a Happy Marriage","The Essence of Software Engineering","","","","10.1007/978-3-319-73897-0_2","Carlo Ghezzi","2018","http://link.springer.com/chapter/10.1007/978-3-319-73897-0_2","Chapter"
"Towards Trust-Aware and Self-adaptive Systems","Trust Management VII","","","","10.1007/978-3-642-38323-6_20","Francisco MoyanoBenoit BaudryJavier Lopez","2013","http://link.springer.com/chapter/10.1007/978-3-642-38323-6_20","Chapter"
"Relaxing Claims: Coping with Uncertainty While Evaluating Assumptions at Run Time","Model Driven Engineering Languages and Systems","","","","10.1007/978-3-642-33666-9_5","Andres J. RamirezBetty H. C. ChengNelly BencomoPete Sawyer","2012","http://link.springer.com/chapter/10.1007/978-3-642-33666-9_5","Chapter"
"Towards a Requirements Engineering Approach for Capturing Uncertainty in Cyber-Physical Systems Environment","New Trends in Model and Data Engineering","","","","10.1007/978-3-030-02852-7_11","Manzoor AhmadChristophe GnahoJean-Michel BruelRégine Laleau","2018","http://link.springer.com/chapter/10.1007/978-3-030-02852-7_11","Chapter"
"A Conceptual Framework for Adaptation","Fundamental Approaches to Software Engineering","","","","10.1007/978-3-642-28872-2_17","Roberto BruniAndrea CorradiniFabio GadducciAlberto Lluch LafuenteAndrea Vandin","2012","http://link.springer.com/chapter/10.1007/978-3-642-28872-2_17","Chapter"
"Adaptation of Service-Based Systems","Service Research Challenges and Solutions for the Future Internet","","","","10.1007/978-3-642-17599-2_5","Raman KazhamiakinSalima BenbernouLuciano BaresiPierluigi PlebaniMaike UhligOlivier Barais","2010","http://link.springer.com/chapter/10.1007/978-3-642-17599-2_5","Chapter"
"On the Inevitable Intertwining of Requirements and Architecture","Design Requirements Engineering: A Ten-Year Perspective","","","","10.1007/978-3-540-92966-6_10","Alistair Sutcliffe","2009","http://link.springer.com/chapter/10.1007/978-3-540-92966-6_10","Chapter"
"Safety Assurance of Open Adaptive Systems – A Survey","Models@run.time","","","","10.1007/978-3-319-08915-7_11","Mario TrappDaniel Schneider","2014","http://link.springer.com/chapter/10.1007/978-3-319-08915-7_11","Chapter"
"Social Modeling and i*","Conceptual Modeling: Foundations and Applications","","","","10.1007/978-3-642-02463-4_7","Eric S. Yu","2009","http://link.springer.com/chapter/10.1007/978-3-642-02463-4_7","Chapter"
"A Model-Driven Approach to Requirements Engineering in Ubiquitous Systems","Ambient Intelligence - Software and Applications","","","","10.1007/978-3-642-28783-1_11","Tomás Ruiz-LópezCarlos Rodríguez-DomínguezManuel NogueraMaría José Rodríguez","2012","http://link.springer.com/chapter/10.1007/978-3-642-28783-1_11","Chapter"
"Component Reassembling and State Transfer in MaDcAr-Based Self-adaptive Software","Objects, Components, Models and Patterns","","","","10.1007/978-3-540-69824-1_15","Guillaume GrondinNoury BouraqadiLaurent Vercouter","2008","http://link.springer.com/chapter/10.1007/978-3-540-69824-1_15","Chapter"
"Goal model analysis of autonomy requirements for Unmanned Aircraft Systems","Requirements Engineering","","23","4","10.1007/s00766-017-0278-6","Kerry NeaceRobert RoncacePavel Fomin","2018","http://link.springer.com/article/10.1007/s00766-017-0278-6","Article"
"Enterprise Architecture for the Adaptive Enterprise – A Vision Paper","Trends in Enterprise Architecture Research and Practice-Driven Research on Enterprise Transformation","","","","10.1007/978-3-642-34163-2_9","Eric YuStephanie DengDivyajyoti Sasmal","2012","http://link.springer.com/chapter/10.1007/978-3-642-34163-2_9","Chapter"
"Usability Evaluation Method for Mobile Applications for the Elderly: A Methodological Proposal","Ambient Assisted Living and Daily Activities","","","","10.1007/978-3-319-13105-4_37","Doris CálizXavier Alamán","2014","http://link.springer.com/chapter/10.1007/978-3-319-13105-4_37","Chapter"
"Conceptualizing an Adaptive Framework for Pervasive Computing Environment","Advances in Computer Science, Engineering & Applications","","","","10.1007/978-3-642-30111-7_23","Akhil MohanNitin Upadhyay","2012","http://link.springer.com/chapter/10.1007/978-3-642-30111-7_23","Chapter"
"A survey on managing users’ preferences in ambient intelligence","Universal Access in the Information Society","","17","1","10.1007/s10209-017-0527-y","C. L. OguegoJ. C. AugustoA. MuñozM. Springett","2018","http://link.springer.com/article/10.1007/s10209-017-0527-y","Article"
"Requirements-driven evolution of sociotechnical systems via probabilistic reasoning and hill climbing","Automated Software Engineering","","26","3","10.1007/s10515-019-00255-5","Davide Dell’AnnaFabiano DalpiazMehdi Dastani","2019","http://link.springer.com/article/10.1007/s10515-019-00255-5","Article"
"Managing Dynamic Context to Optimize Smart Interactions and Services","The Smart Internet","","","","10.1007/978-3-642-16599-3_18","Norha M. VillegasHausi A. Müller","2010","http://link.springer.com/chapter/10.1007/978-3-642-16599-3_18","Chapter"
"An Architectural Pattern for Designing Intelligent Enterprise Systems","Intelligent Distributed Computing VI","","","","10.1007/978-3-642-32524-3_12","Eugenio ZimeoGianfranco OlivaFabio BaldiAlfonso Caracciolo","2013","http://link.springer.com/chapter/10.1007/978-3-642-32524-3_12","Chapter"
"Conceptualizing the Co-evolution of Organizations and Information Systems: An Agent-Oriented Perspective","Conceptual Modeling - ER 2006","","","","10.1007/11901181_23","Ning SuJohn Mylopoulos","2006","http://link.springer.com/chapter/10.1007/11901181_23","Chapter"
"Runtime recovery and manipulation of software architecture of component-based systems","Automated Software Engineering","","13","2","10.1007/s10515-006-7738-4","Gang HuangHong MeiFu-Qing Yang","2006","http://link.springer.com/article/10.1007/s10515-006-7738-4","Article"
"Fuzzy Self-Adaptation of Mission-Critical Software Under Uncertainty","Journal of Computer Science and Technology","","28","1","10.1007/s11390-013-1321-9","Qi-Liang YangJian LvXian-Ping TaoXiao-Xing MaJian-Chun XingWei Song","2013","http://link.springer.com/article/10.1007/s11390-013-1321-9","Article"
"Development of a Conceptual Architecture for the Energy Management of Building Ecosystems","Collaborative Networks and Digital Transformation","","","","10.1007/978-3-030-28464-0_36","Filipa FerradaAna Inês OliveiraJoão RosasPatrícia MacedoRicardo AlmeidaLuis M. Camarinha-Matos","2019","http://link.springer.com/chapter/10.1007/978-3-030-28464-0_36","Chapter"
"Towards a Conceptual Framework for Requirements Interoperability in Complex Systems Engineering","On the Move to Meaningful Internet Systems: OTM 2014 Workshops","","","","10.1007/978-3-662-45550-0_24","Anderson Luis SzejkaAlexis AubryHervé PanettoOsiris Canciglieri JúniorEduardo Rocha Loures","2014","http://link.springer.com/chapter/10.1007/978-3-662-45550-0_24","Chapter"
"SEMAT and VENUS: Different Perspectives?","Socio-technical Design of Ubiquitous Computing Systems","","","","10.1007/978-3-319-05044-7_13","Kurt GeihsChristoph EversStefan Niemczyk","2014","http://link.springer.com/chapter/10.1007/978-3-319-05044-7_13","Chapter"
"A journey through SMScom: self-managing situational computing","Computer Science - Research and Development","","28","4","10.1007/s00450-012-0234-0","Luciano BaresiCarlo Ghezzi","2013","http://link.springer.com/article/10.1007/s00450-012-0234-0","Article"
"PC-RE: a method for personal and contextual requirements engineering with some experience","Requirements Engineering","","11","3","10.1007/s00766-006-0030-0","Alistair SutcliffeStephen FickasMcKay Moore Sohlberg","2006","http://link.springer.com/article/10.1007/s00766-006-0030-0","Article"
"Literature Review","Data Quality and its Impacts on Decision-Making","","","","10.1007/978-3-658-08200-0_2","Christoph Samitsch","2015","http://link.springer.com/chapter/10.1007/978-3-658-08200-0_2","Chapter"
"Perspectives on engineering more usable context-aware systems","Journal of Ambient Intelligence and Humanized Computing","","9","5","10.1007/s12652-018-0863-7","Unai Alegre-IbarraJuan Carlos AugustoCarl Evans","2018","http://link.springer.com/article/10.1007/s12652-018-0863-7","Article"
"Supporting Requirements Definition and Quality Assurance in Ubiquitous Software Project","Leveraging Applications of Formal Methods, Verification and Validation","","","","10.1007/978-3-540-88479-8_42","Rodrigo O. SpínolaFelipe C. R. PintoGuilherme H. Travassos","2008","http://link.springer.com/chapter/10.1007/978-3-540-88479-8_42","Chapter"
"Reflective Analysis of the Syntax and Semantics of the i* Framework","Advances in Conceptual Modeling – Challenges and Opportunities","","","","10.1007/978-3-540-87991-6_31","Jennifer HorkoffGolnaz ElahiSamer AbdulhadiEric Yu","2008","http://link.springer.com/chapter/10.1007/978-3-540-87991-6_31","Chapter"
"A Middleware Architecture for Ambient Adaptive Systems","Next Generation Intelligent Environments","","","","10.1007/978-1-4614-1299-1_1","C. Goumopoulos","2011","http://link.springer.com/chapter/10.1007/978-1-4614-1299-1_1","Chapter"
"A Runtime Safety Analysis Concept for Open Adaptive Systems","Model-Based Safety and Assessment","","","","10.1007/978-3-030-32872-6_22","Sohag KabirIoannis SorokosKoorosh AslansefatYiannis PapadopoulosYoucef GheraibiaJan ReichMerve SaimlerRan Wei","2019","http://link.springer.com/chapter/10.1007/978-3-030-32872-6_22","Chapter"
"A formal framework for dependability and resilience from a software engineering perspective","Central European Journal of Computer Science","","1","3","10.2478/s13537-011-0025-x","Nicolas Guelfi","2011","http://link.springer.com/article/10.2478/s13537-011-0025-x","Article"
"The Role of Specification","Specification of Software Systems","","","","10.1007/978-0-85729-277-3_1","Prof. V. S. AlagarProf. K. Periyasamy","2011","http://link.springer.com/chapter/10.1007/978-0-85729-277-3_1","Chapter"
"B-space: dynamic management and assurance of open systems of systems","Journal of Internet Services and Applications","","9","1","10.1186/s13174-018-0084-5","Daniel SchneiderMario Trapp","2018","http://link.springer.com/article/10.1186/s13174-018-0084-5","Article"
"An Enhanced Architectural Knowledge Metamodel Linking Architectural Design Decisions to other Artifacts in the Software Engineering Lifecycle","Software Architecture","","","","10.1007/978-3-642-23798-0_33","Rafael CapillaOlaf ZimmermannUwe ZdunParis AvgeriouJochen M. Küster","2011","http://link.springer.com/chapter/10.1007/978-3-642-23798-0_33","Chapter"
"A Middleware Architecture for Ambient Adaptive Systems","Next Generation Intelligent Environments","","","","10.1007/978-3-319-23452-6_1","Christos Goumopoulos","2016","http://link.springer.com/chapter/10.1007/978-3-319-23452-6_1","Chapter"
"Achieving Flexible Process Interoperability in the Homecare Domain through Aspect-Oriented Service Composition","Enterprise Interoperability","","","","10.1007/978-3-642-36796-0_6","Duc Viet BuiMaria Eugenia IacobMarten van SinderenAlireza Zarghami","2013","http://link.springer.com/chapter/10.1007/978-3-642-36796-0_6","Chapter"
"Towards Autonomically-Capable Processes: A Vision and Potentially Supportive Methods","Advances in Intelligent Process-Aware Information Systems","","","","10.1007/978-3-319-52181-7_4","Roy OberhauserGregor Grambow","2017","http://link.springer.com/chapter/10.1007/978-3-319-52181-7_4","Chapter"
"MoCoA: Customisable Middleware for Context-Aware Mobile Applications","On the Move to Meaningful Internet Systems 2006: CoopIS, DOA, GADA, and ODBASE","","","","10.1007/11914952_47","Aline SenartRaymond CunninghamMélanie BourocheNeil O’ConnorVinny ReynoldsVinny Cahill","2006","http://link.springer.com/chapter/10.1007/11914952_47","Chapter"
"Modelling Service Requirements Variability: The DiVA Way","Service Engineering","","","","10.1007/978-3-7091-0415-6_3","Phil GreenwoodRuzanna ChitchyanDhouha AyedVincent Girard-ReydetFranck FleureyVegard DehlenArnor Solberg","2011","http://link.springer.com/chapter/10.1007/978-3-7091-0415-6_3","Chapter"
"Self-awareness of Cloud Applications","Self-Aware Computing Systems","","","","10.1007/978-3-319-47474-8_20","Alex IosupXiaoyun ZhuArif MerchantEva KalyvianakiMartina MaggioSimon SpinnerTarek AbdelzaherOle MengshoelSara Bouchenak","2017","http://link.springer.com/chapter/10.1007/978-3-319-47474-8_20","Chapter"
"Developing and Evaluating a Generic Metamodel for MAS Work Products","Software Engineering for Multi-Agent Systems IV","","","","10.1007/11738817_8","Ghassan BeydounCésar Gonzalez-PerezBrian Henderson-SellersG. Low","2006","http://link.springer.com/chapter/10.1007/11738817_8","Chapter"
"Affordance based design: a relational theory for design","Research in Engineering Design","","20","1","10.1007/s00163-008-0060-3","Jonathan R. A. MaierGeorges M. Fadel","2009","http://link.springer.com/article/10.1007/s00163-008-0060-3","Article"
"Software requirements testing approaches: a systematic literature review","Requirements Engineering","","","","10.1007/s00766-019-00325-w","Jemison dos SantosLuiz Eduardo G. MartinsValdivino A. de Santiago JúniorLucas Venezian PovoaLuciana Brasil R. dos Santos","2019","http://link.springer.com/article/10.1007/s00766-019-00325-w","Article"
"Engineering Trust-Awareness and Self-adaptability in Services and Systems","Engineering Secure Future Internet Services and Systems","","","","10.1007/978-3-319-07452-8_8","Francisco MoyanoCarmen Fernandez-GagoBenoit BaudryJavier Lopez","2014","http://link.springer.com/chapter/10.1007/978-3-319-07452-8_8","Chapter"
"Uncertainty, System Identification, and the Prediction of Water Quality","Uncertainty and Forecasting of Water Quality","","","","10.1007/978-3-642-82054-0_1","M. B. Beck","1983","http://link.springer.com/chapter/10.1007/978-3-642-82054-0_1","Chapter"
"Thirteen years of SysML: a systematic mapping study","Software and Systems Modeling","","19","1","10.1007/s10270-019-00735-y","Sabine WolnyAlexandra MazakChristine CarpellaVerena GeistManuel Wimmer","2020","http://link.springer.com/article/10.1007/s10270-019-00735-y","Article"
"QoS-Based Elasticity for Service Chains in Distributed Edge Cloud Environments","Autonomous Control for a Reliable Internet of Services","","","","10.1007/978-3-319-90415-3_8","Valeria CardelliniTihana Galinac GrbacMatteo NardelliNikola TankovićHong-Linh Truong","2018","http://link.springer.com/chapter/10.1007/978-3-319-90415-3_8","Chapter"
"Designing automotive embedded systems with adaptive genetic algorithms","Automated Software Engineering","","22","2","10.1007/s10515-014-0148-0","Aldeida Aleti","2015","http://link.springer.com/article/10.1007/s10515-014-0148-0","Article"
"Understanding what is important in iStar extension proposals: the viewpoint of researchers","Requirements Engineering","","24","1","10.1007/s00766-018-0302-5","Enyo GonçalvesMarcos Antônio de OliveiraIngrid MonteiroJaelson CastroJoão Araújo","2019","http://link.springer.com/article/10.1007/s00766-018-0302-5","Article"
"A Domain Model for Dynamic System Reconfiguration","Model Driven Engineering Languages and Systems","","","","10.1007/11557432_42","D’Arcy WalshFrancis BordeleauBran Selic","2005","http://link.springer.com/chapter/10.1007/11557432_42","Chapter"
"Modeling Business Rules Compliance for Goal-Oriented Business Processes","Enterprise and Organizational Modeling and Simulation","","","","10.1007/978-3-319-68185-6_6","Patrizia RibinoCarmelo LodatoMassimo Cossentino","2017","http://link.springer.com/chapter/10.1007/978-3-319-68185-6_6","Chapter"
"Conceptual Framework for Agent-Based Modeling of Customer-Oriented Supply Networks","Risks and Resilience of Collaborative Networks","","","","10.1007/978-3-319-24141-8_20","Clara Mabel Solano-VanegasAngela Carrillo-RamosJairo R. Montoya-Torres","2015","http://link.springer.com/chapter/10.1007/978-3-319-24141-8_20","Chapter"
"Resource Management in Clouds: Survey and Research Challenges","Journal of Network and Systems Management","","23","3","10.1007/s10922-014-9307-7","Brendan JenningsRolf Stadler","2015","http://link.springer.com/article/10.1007/s10922-014-9307-7","Article"
"Formal Modeling and Analysis of Software Architecture: Components, Connectors, and Events","Formal Methods for Software Architectures","","","","10.1007/978-3-540-39800-4_1","David Garlan","2003","http://link.springer.com/chapter/10.1007/978-3-540-39800-4_1","Chapter"
"A systematic review on multi-device inclusive environments","Universal Access in the Information Society","","15","4","10.1007/s10209-015-0422-3","Ig Ibert BittencourtMaria Cecília BaranauskasRoberto PereiraDiego DermevalSeiji IsotaniPatrícia Jaques","2016","http://link.springer.com/article/10.1007/s10209-015-0422-3","Article"
"Dynamic stakeholder interaction analysis: Innovative smart living design cases","Electronic Markets","","23","4","10.1007/s12525-013-0143-5","Sam SolaimaniNick GuldemondHarry Bouwman","2013","http://link.springer.com/article/10.1007/s12525-013-0143-5","Article"
"A Conceptual Safety Supervisor Definition and Evaluation Framework for Autonomous Systems","Computer Safety, Reliability, and Security","","","","10.1007/978-3-319-66266-4_9","Patrik FethDaniel SchneiderRasmus Adler","2017","http://link.springer.com/chapter/10.1007/978-3-319-66266-4_9","Chapter"
"On personalized cloud service provisioning for mobile users using adaptive and context-aware service composition","Computing","","101","4","10.1007/s00607-018-0631-8","Elarbi BadidiYacine AtifQuan Z. ShengMuthucumaru Maheswaran","2019","http://link.springer.com/article/10.1007/s00607-018-0631-8","Article"
"ACCADA: A Framework for Continuous Context-Aware Deployment and Adaptation","Stabilization, Safety, and Security of Distributed Systems","","","","10.1007/978-3-642-05118-0_23","Ning GuiVincenzo De FlorioHong SunChris Blondia","2009","http://link.springer.com/chapter/10.1007/978-3-642-05118-0_23","Chapter"
"A Method for Emerging Technology Evaluation. Application to Blockchain and Smart Data Discovery","Conceptual Modeling Perspectives","","","","10.1007/978-3-319-67271-7_17","Jacky AkokaIsabelle Comyn-Wattiau","2017","http://link.springer.com/chapter/10.1007/978-3-319-67271-7_17","Chapter"
"2008 Annual Meeting Supplement","Annals of Behavioral Medicine","","35","1","10.1007/s12160-008-9015-1","","2008","http://link.springer.com/article/10.1007/s12160-008-9015-1","Article"
"Articulating Gamification and Visual Analytics as a Paradigm for Flexible Skills Management","Recent Advances in Information Systems and Technologies","","","","10.1007/978-3-319-56538-5_20","José AraújoGabriel Pestana","2017","http://link.springer.com/chapter/10.1007/978-3-319-56538-5_20","Chapter"
"Realizing Networks of Proactive Smart Products","Knowledge Engineering and Knowledge Management","","","","10.1007/978-3-642-33876-2_30","Mathieu d’AquinEnrico MottaAndriy NikolovKeerthi Thomas","2012","http://link.springer.com/chapter/10.1007/978-3-642-33876-2_30","Chapter"
"Putting It All Together: Using the ArtDeco Approach in the Wine Business Domain","Methodologies and Technologies for Networked Enterprises","","","","10.1007/978-3-642-31739-2_21","Eugenio ZimeoValentina MazzaGiorgio OrsiElisa QuintarelliAntonio RomanoPaola SpoletiniGiancarlo TretolaAlessandro AmiranteAlessio BottaLuca CavallaroDomenico ConsoliEster GiallonardoFabrizio Maria MaggiGabriele Tiotto","2012","http://link.springer.com/chapter/10.1007/978-3-642-31739-2_21","Chapter"
"Abstract","Annals of Behavioral Medicine","","41","1","10.1007/s12160-011-9263-3","","2011","http://link.springer.com/article/10.1007/s12160-011-9263-3","Article"
"The CASCADAS Framework for Autonomic Communications","Autonomic Communication","","","","10.1007/978-0-387-09753-4_6","Luciano BaresiAntonio Di FerdinandoAntonio ManzaliniFranco Zambonelli","2009","http://link.springer.com/chapter/10.1007/978-0-387-09753-4_6","Chapter"
"Abstracts from the 37th Annual Meeting of the Society of General Internal Medicine","Journal of General Internal Medicine","","29","1","10.1007/s11606-014-2834-9","","2014","http://link.springer.com/article/10.1007/s11606-014-2834-9","Article"
"Performance analysis of the ubiquitous and emergent properties of an autonomic reflective middleware for smart cities","Computing","","","","10.1007/s00607-020-00799-5","Jose AguilarM. JerezM. MendonçaM. Sánchez","2020","http://link.springer.com/article/10.1007/s00607-020-00799-5","Article"
"Towards the Automotive HMI of the Future: Mid-Term Results of the AIDE Project","Advanced Microsystems for Automotive Applications 2006","","","","10.1007/3-540-33410-6_28","Johan EngströmJan ArfwidssonAngelos AmditisLuisa AndreoneKlaus BenglerPietro Carlo CacciabueWiel JanssenHolger KußmannFlorence Nathan","2006","http://link.springer.com/chapter/10.1007/3-540-33410-6_28","Chapter"
"Designing Self-organising MAS Environments: The Collective Sort Case","Environments for Multi-Agent Systems III","","","","10.1007/978-3-540-71103-2_15","Luca GardelliMirko ViroliMatteo CasadeiAndrea Omicini","2007","http://link.springer.com/chapter/10.1007/978-3-540-71103-2_15","Chapter"
"Change, Change Competence and Personal Growth: Conceptual Framework for an Explorative Study","Radical Change in Everyday Life","","","","10.1007/978-3-658-25646-3_2","Christian Weller","2019","http://link.springer.com/chapter/10.1007/978-3-658-25646-3_2","Chapter"
"Automated analysis of feature models: Quo vadis?","Computing","","101","5","10.1007/s00607-018-0646-1","José A. GalindoDavid BenavidesPablo TrinidadAntonio-Manuel Gutiérrez-FernándezAntonio Ruiz-Cortés","2019","http://link.springer.com/article/10.1007/s00607-018-0646-1","Article"
"MDD Approach for the Development of Context-Aware Applications","Modeling and Using Context","","","","10.1007/978-3-540-74255-5_2","Dhouha AyedDidier DelanoteYolande Berbers","2007","http://link.springer.com/chapter/10.1007/978-3-540-74255-5_2","Chapter"
"Determining the service demands of an aging population by integrating QFD and FMEA method","Quality & Quantity","","50","1","10.1007/s11135-014-0148-y","Shun-Hsing Chen","2016","http://link.springer.com/article/10.1007/s11135-014-0148-y","Article"
"A Review of Quality Dimensions in e-Government Services","Electronic Government","","","","10.1007/11823100_12","Xenia PapadomichelakiBabis MagoutasChristos HalarisDimitris ApostolouGregoris Mentzas","2006","http://link.springer.com/chapter/10.1007/11823100_12","Chapter"
"Resource-Optimized Quality-Assured Ambiguous Context Mediation in Pervasive Environments","Quality of Service in Heterogeneous Networks","","","","10.1007/978-3-642-10625-5_15","Nirmalya RoyChristine JulienSajal K. Das","2009","http://link.springer.com/chapter/10.1007/978-3-642-10625-5_15","Chapter"
"26th Annual Computational Neuroscience Meeting (CNS*2017): Part 2","BMC Neuroscience","","18","1","10.1186/s12868-017-0371-2","Leonid L. RubchinskySungwoo AhnWouter KlijnBen CummingStuart YatesVasileios KarakasisAlexander PeyserMarmaduke WoodmanSandra Diaz-PierJames DeraeveEliana VassenaWilliam AlexanderDavid BeemanPawel KudelaDana Boatman-ReichWilliam S. Anderson","2017","http://link.springer.com/article/10.1186/s12868-017-0371-2","Article"
"O-MaSE: An Extensible Methodology for Multi-agent Systems","Agent-Oriented Software Engineering","","","","10.1007/978-3-642-54432-3_9","Scott A. DeLoach","2014","http://link.springer.com/chapter/10.1007/978-3-642-54432-3_9","Chapter"
"A Framework for an Adaptive Grid Scheduling: An Organizational Perspective","Transactions on Computational Collective Intelligence XI","","","","10.1007/978-3-642-41776-4_3","Inès ThabetChihab HanachiKhaled Ghédira","2013","http://link.springer.com/chapter/10.1007/978-3-642-41776-4_3","Chapter"
"Describing Agent Organisations","Agreement Technologies","","","","10.1007/978-94-007-5583-3_17","Estefanía ArgenteOlivier BoissierSergio EsparciaJana GörmerKristi KirikalKuldar Taveter","2013","http://link.springer.com/chapter/10.1007/978-94-007-5583-3_17","Chapter"
"On Dependable Cyber-Physical Spaces of Critical Infrastructures","The Security of Critical Infrastructures","","","","10.1007/978-3-030-41826-7_10","Timo KehrerChristos TsigkanosCarlo Ghezzi","2020","http://link.springer.com/chapter/10.1007/978-3-030-41826-7_10","Chapter"
"Evolution styles: foundations and models for software architecture evolution","Software & Systems Modeling","","13","2","10.1007/s10270-012-0301-9","Jeffrey M. BarnesDavid GarlanBradley Schmerl","2014","http://link.springer.com/article/10.1007/s10270-012-0301-9","Article"
"Proceedings of the VII. Alps-Adria Scientific Workshop, 28 April–2 May 2008, Stara Lesna, Slovakia. Part II","Cereal Research Communications","","36","5","10.1556/CRC.36.2008.Suppl.2","","2008","http://link.springer.com/article/10.1556/CRC.36.2008.Suppl.2","Article"
"Introducing Context-Awareness and Adaptation in Telemedicine Systems","Semantics in Adaptive and Personalized Services","","","","10.1007/978-3-642-11684-1_10","Charalampos DoukasIlias MaglogiannisKostas Karpouzis","2010","http://link.springer.com/chapter/10.1007/978-3-642-11684-1_10","Chapter"
"Dealing with Non-linearity and Uncertainty in Forest Management","Current Forestry Reports","","2","2","10.1007/s40725-016-0036-x","Christian MessierKlaus PuettmannElise FilotasDave Coates","2016","http://link.springer.com/article/10.1007/s40725-016-0036-x","Article"
"The Need for Agility in Asset Management","Engineering Asset Management","","","","10.1007/978-1-84628-814-2_11","H HarrisS Carapiet","2006","http://link.springer.com/chapter/10.1007/978-1-84628-814-2_11","Chapter"
"Epistemic and normative aspects of ontologies in modelling and simulation","Journal of Simulation","","5","3","10.1057/jos.2011.13","M HofmannJ PaliiG Mihelcic","2011","http://link.springer.com/article/10.1057/jos.2011.13","Article"
"C","Encyclopedia of Coastal Science","","","","10.1007/1-4020-3880-1_3","Ram K. MohanAndrew D. ShortGillian CambersM. MacLeodJ. A. G. CooperDavid HopleyVincent MayNils-Axel MörnerErvin G. OtvosNiels WestAlan S. TrenhaileTsuguo SunamuraDouglas L. InmanScott A. JenkinsPeter H. F. GraberB. G. Thom","2005","http://link.springer.com/referenceworkentry/10.1007/1-4020-3880-1_3","ReferenceWorkEntry"
"Towards the Definition of a Framework Supporting High Level Reliability of Services","Service-Oriented Computing - ICSOC 2012 Workshops","","","","10.1007/978-3-642-37804-1_16","Firmino SilvaClaudia-Melania Chituc","2013","http://link.springer.com/chapter/10.1007/978-3-642-37804-1_16","Chapter"
"Algal biomass and biogeochemistry in catchments and aquatic ecosystems: scaling of processes, models and empirical tests","Hydrobiologia","","349","1 - 3","10.1023/A:1003072907200","G. P. Harris","1997","http://link.springer.com/article/10.1023/A%3A1003072907200","Article"
"Crowdsourcing for Large-Scale Software Development","Crowdsourcing","","","","10.1007/978-3-662-47011-4_1","Wei LiWei-Tek TsaiWenjun Wu","2015","http://link.springer.com/chapter/10.1007/978-3-662-47011-4_1","Chapter"
"A basic review of fuzzy logic applications in hydrology and water resources","Applied Water Science","","10","8","10.1007/s13201-020-01276-2","Shruti KambalimathParesh Chandra Deka","2020","http://link.springer.com/article/10.1007/s13201-020-01276-2","Article"
"$\mathcal{F}_{or}\mathcal{MAAD}$: Towards a Model Driven Approach for Agent Based Application Design","Agent-Oriented Software Engineering XI","","","","10.1007/978-3-642-22636-6_9","Zeineb GrajaAmira RegayegAhmed Hadj Kacem","2011","http://link.springer.com/chapter/10.1007/978-3-642-22636-6_9","Chapter"
"Adaptive concepts for a mobile cartography","Journal of Geographical Sciences","","11","1","10.1007/BF02837443","Tumasch Reichenbacher","2001","http://link.springer.com/article/10.1007/BF02837443","Article"
"Modeling for Decision Support in Network-Based Services","Modeling for Decision Support in Network-Based Services","","","","10.1007/978-3-642-27612-5_1","Daniel DolkJanusz Granat","2012","http://link.springer.com/chapter/10.1007/978-3-642-27612-5_1","Chapter"
"Terminology Entries (Alphabetical Presentation)","Encyclopedia of Terminology for Educational Communications and Technology","","","","10.1007/978-1-4614-6573-7_1","Rita C. Richey","2013","http://link.springer.com/chapter/10.1007/978-1-4614-6573-7_1","Chapter"
"The Evolution of Electronic Markets","Evolutionary Web Development","","","","10.1007/978-1-4471-0517-6_2","Arno Scharl","2000","http://link.springer.com/chapter/10.1007/978-1-4471-0517-6_2","Chapter"
"Formal Development and Assessment of a Reconfigurable On-board Satellite System","Computer Safety, Reliability, and Security","","","","10.1007/978-3-642-33678-2_18","Anton TarasyukInna PereverzevaElena TroubitsynaTimo LatvalaLaura Nummila","2012","http://link.springer.com/chapter/10.1007/978-3-642-33678-2_18","Chapter"
"Improving the reliability of real-time embedded systems using innate immune techniques","Evolutionary Intelligence","","1","2","10.1007/s12065-008-0009-5","Nicholas LayIain Bate","2008","http://link.springer.com/article/10.1007/s12065-008-0009-5","Article"
"Universal Access in the Information Society: Methods, Tools, and Interaction Technologies","Universal Access in the Information Society","","1","1","10.1007/s102090100008","Constantine StephanidisAnthony Savidis","2001","http://link.springer.com/article/10.1007/s102090100008","Article"
"CSE Crisis: Some Examples of Causes","Interactive Granular Computations in Networks and Systems Engineering: A Practical Perspective","","","","10.1007/978-3-319-57627-5_12","Andrzej Jankowski","2017","http://link.springer.com/chapter/10.1007/978-3-319-57627-5_12","Chapter"
"Architecture Reconstruction","Software Engineering","","","","10.1007/978-3-540-95888-8_6","Rainer Koschke","2009","http://link.springer.com/chapter/10.1007/978-3-540-95888-8_6","Chapter"
"Managing Uncertainty in Complex Projects","Complexity in Economics: Cutting Edge Research","","","","10.1007/978-3-319-05185-7_5","Giancarlo NotaRossella Aiello","2014","http://link.springer.com/chapter/10.1007/978-3-319-05185-7_5","Chapter"
"Integrated Water Management","Transboundary Water Resources: A Foundation for Regional Stability in Central Asia","","","","10.1007/978-1-4020-6736-5_18","J. StaesH. BackxP. Meire","2008","http://link.springer.com/chapter/10.1007/978-1-4020-6736-5_18","Chapter"
"Modeling with Neural Networks: Principles and Model Design Methodology","Neural Networks","","","","10.1007/3-540-28847-3_2","G. Dreyfus","2005","http://link.springer.com/chapter/10.1007/3-540-28847-3_2","Chapter"
"Techne. Interdisciplinary Examination for an Integrated Vision. Case Study: the Adriatic City","Urban Landscapes","","","","10.1007/978-88-470-2880-7_8","Massimo Sargolini","2013","http://link.springer.com/chapter/10.1007/978-88-470-2880-7_8","Chapter"
"Improving Governability – Reflections for Future Applications","Governability of Fisheries and Aquaculture","","","","10.1007/978-94-007-6107-0_19","Jan Kooiman","2013","http://link.springer.com/chapter/10.1007/978-94-007-6107-0_19","Chapter"
"Quality Assurance and Improvement in the Intensive Care Unit","Oncologic Critical Care","","","","10.1007/978-3-319-74588-6_4","Mary Lou Warren","2020","http://link.springer.com/referenceworkentry/10.1007/978-3-319-74588-6_4","ReferenceWorkEntry"
"Quality Assurance and Improvement in the Intensive Care Unit","Oncologic Critical Care","","","","10.1007/978-3-319-74698-2_4-1","Mary Lou Warren","2019","http://link.springer.com/referenceworkentry/10.1007/978-3-319-74698-2_4-1","ReferenceWorkEntry"
"Universal design, inclusive design, accessible design, design for all: different concepts—one goal? On the concept of accessibility—historical, methodological and philosophical aspects","Universal Access in the Information Society","","14","4","10.1007/s10209-014-0358-z","Hans PerssonHenrik ÅhmanAlexander Arvei YnglingJan Gulliksen","2015","http://link.springer.com/article/10.1007/s10209-014-0358-z","Article"
"Agent-Based Residential Water Use Behavior Simulation and Policy Implications: A Case-Study in Beijing City","Water Resources Management","","23","15","10.1007/s11269-009-9433-2","Junying ChuCan WangJining ChenHao Wang","2009","http://link.springer.com/article/10.1007/s11269-009-9433-2","Article"
"The Process of Co-creation in Information Systems Development: A Case Study of a Digital Game Development Project","Advances in Information Systems Development","","","","10.1007/978-3-030-22993-1_11","Karlheinz KautzGro BjerknesJulie FisherTomas Jensen","2019","http://link.springer.com/chapter/10.1007/978-3-030-22993-1_11","Chapter"
"On the Evaluation of Quality of Context","Smart Sensing and Context","","","","10.1007/978-3-540-88793-5_11","Atif ManzoorHong-Linh TruongSchahram Dustdar","2008","http://link.springer.com/chapter/10.1007/978-3-540-88793-5_11","Chapter"
"Data fusion-based risk assessment framework: an example of benzene","International Journal of System Assurance Engineering and Management","","3","4","10.1007/s13198-012-0136-3","M. Shafiqul IslamAmin ZargarRoberta DyckAsish MohapatraRehan Sadiq","2012","http://link.springer.com/article/10.1007/s13198-012-0136-3","Article"
"A decision support system for emergency response to groundwater resource pollution in an urban area (Ljubljana, Slovenia)","Environmental Earth Sciences","","73","7","10.1007/s12665-014-3662-2","Mitja Janža","2015","http://link.springer.com/article/10.1007/s12665-014-3662-2","Article"